둘,"그는 또한 러시아어로 시를 쓰는데, 그의 시 중 일부는 에스페란토어와 러시아어 버전 둘 다 존재한다.","He also writes poetry in Russian, and some poems of his exist in both Esperanto and Russian versions."
차,한 달에 한 번 차 안에 있는 기름을 점검해 보세요.,Check the oil in your car once a month.
오늘,오늘 밤-에 영화 보러 가는 게 어때?,"Let's go to the movies tonight, what do you say?"
오늘,오늘 뭐 했어요?,What did you do today?
모,김 모(20)씨,Mx. Kim (20)
기관,존 베르트푀이 박사는 미국의 보건 기관인 질병통제 및 예방 센터와 함께 한다.,"Dr. John Vertefeuille is with the U.S. government’s health protection agency, the Centers for Disease Control and Prevention."
간,간은 우리 몸에서 가장 중요한 기관 중의 하나이다.,The liver is one of the most important organs in our body.
맥,^맥-용,for Macs
남자,"이 남자들은 미국인입니까, 아니면 독일인입니까? - 독일인입니다.",Are these men American or German? - They are German.
아마도,"그것이 아마도 진실일 것이다. 그러나 실질적으로 말하자면, 잘 작동하지는 않을 것이다.","That's probably true, but practically speaking, it wouldn't work. "
아마도,"좋아, 나중에 봐, 아마도. — 아마도, 나중에 봐.","Okay. See you later, maybe. — Maybe I’ll see you later."
이것,이것들은 무엇입니까? 프랑스 잡지입니다.,What are these? - They are French magazines. 
이것,"어느 것이 그의 집인가요? 이것인가요, 저것인가요?","Which is his house, this one or that one? "
우유,우유 한 잔,a glass of milk
잘,그림을 아주 잘 그린다.,He draws pictures very well.
잘,잘 생각해 봐!,Think carefully!
잘,그것 참 잘 되었네!,That's wonderful.
잘,물어 볼 말-이 있었는데 마침 잘 오셨어요.,"You have come at a good time, I have something to ask you."
좋다,그거 좋은 생각-입니다.,Oh! That sounds good.
좋다,"그리고, 오늘 어떻습니까? - 아주 좋아요, 감사합니다. 마크.",And how are you today? - Very well thank you Mark.
좋다,오늘 오후에 들러요. — 좋아요.,Come by this afternoon. — Okay.
좋다,좋으시면 그걸로 예약해 드릴 수 있습니다.,I can book you for them if you like.
좋다,새 아파트로 왔구나! 좋아!,I am in my new apartment! Great!
좋다,난 축구보다 농구-가 더 좋구나.,"I like basketball more than football. (literally, ""To me basketball is preferable to football."")"
좋다,한국말-을 더 잘 했으면 좋겠다.,It would be nice if I spoke Korean better.
좋다,아침에 일찍 일어나는 것은 건강에 좋다.,Getting up early in the morning is good for one's health.
의자,의자에 앉으십시오.,Please seat yourself in a chair.
가득,바구니에 사과를 가득 담다.,Fill the basket fully with apples.
가득,이 식당은 점심에는 언제나 손님이 가득 찬다.,This dining hall is always full of guests at lunchtime.
언제,^언제-가 네 생일이-니?,When is your birthday?
과일,그 촉촉한 과일 요리는 아주 맛있다.,That moist and fruity dish is simply delectable.
바지,바지-를 입다,to wear (to put on) trousers.
저런,저런 사람.,That kind of person / Someone like that.
나누다,빵을 두 동강으로 나누다,to divide bread into two pieces
나누다,술을 한 잔 나누다,to share a glass of wine
나누다,이야기를 즐겁게 나누다,to enjoy sharing stories
만들다,종이 비행기-를 만들다,to make a paper airplane
만들다,친구-를 만들다,to make friends
만들다,시대-에 맞는 헌법-을 만들다,to establish a constitution suited to the times
속다,사기꾼-이 하는 말-에 속다.,to be deceived by the words of a swindler
일요일,이번 주말은 일요일에 슈퍼볼이 있다.,This weekend is Super Bowl Sunday.
실례,실례-합니다.,Excuse me (literally: I have been rude).
실례,^실례-를 들어 설명-하다.,Explain by giving concrete examples.
감기,감기-가 들다,"to catch a cold (Literally, ""A cold enters"")"
감기,감기-에 걸리다,to catch a cold
벙어리,벙어리 냉가슴 앓듯.,As if suffering in mute silence.
필요,그들-이 이것-을 필요로 할 때면 언제든지,whenever they would need it
탁구,탁구-를 치다,to play table tennis
오후,"^아나. — 네, ^위버님. — 바빠요? —네, ^위버님. 바쁩니다. — 내 사무실-로 오후 5시-에 오세요. — 오후 5시-요.","Anna. — Yes, Ms. Weaver. — Are you busy? — Yes, Ms. Weaver. I am busy. — My office. 5:00 p.m. —  5:00 p.m."
오후,오늘 오후-에 비-가 올 법하다.,Rain is likely later this afternoon.
배구,배구하다,to play volleyball
배구,배구 네트,volleyball net
수영,내 친구-는 마치 물개-처럼 수영-을 잘 한다.,My friend swims just like [just as well as] a seal.
달팽이,달팽이 껍질,snail's shell
엄마,가서 엄마한테 물어 봐.,Go ask your mom.
오빠,너희 오빠는 완전 모범생이라서 게임 같은 건 절대 안 해.,Your older brother is such a model student that he never plays things like video games.
오빠,오빠랑 사귄 지 얼마 됐지?,How long has it been since I started going out with him?
가족,저희 가족-을 소개하겠습니다.,(I) will introduce my family.
목걸이,목걸이-를 걸다.,Put on a necklace/wear a necklace.
가락지,가락지를 끼다,to put on/to wear a ring
공항,인천 공항-까지 좀 태워 주실래요?,Can you give me a ride to Incheon airport?
무엇,이게 뭐예요?,What is this?
무엇,뭐라고 했어요?,What did [you] say?
무엇,무엇인가-가 실제-와 다른 것처럼 주장하거나 행동하다.,to claim that or act as if something is different from what it actually is
무엇,뭐 먹었어요?,Have [you] eaten something?
그,그 남자는 일본인입니까 아니면 중국인입니까? ― 그는 중국인입니다.,Is that man Japanese or Chinese? ― He is Chinese.
그,근데 방금 그 여자 누구에요?,"By the way, who is that girl?"
그,그는 아무런 말도 없이 가버렸다.,He/She left without saying anything.
그래,"응, 그래.","Yeah, okay. (casual)"
그래,^그래? 미처 생각도 못했네.,Really? (I) didn't really think about that either. (casual)
호랑이,호랑이는 사자보다 크다.,Tigers are bigger than lions.
갑,한갑; 두갑; 세갑; 네갑,one pack; two packs; three packs; four packs
벽,벽을 세우다,erect a wall
벽,지진 때문에 벽이 무너졌다.,The wall collapsed due to the earthquake.
벽,거실 벽에는 그림들이 걸려 있었다.,Some pictures were hanging on the wall in the living room.
켜다,촛불을 켜다,light a candle
켜다,라이터를 켜다,light a lighter
켜다,성냥을 켜 담뱃불을 붙였다.,I struck a match and lit a cigarette.
켜다,등잔불을 켜니 주위가 밝아졌다.,The surroundings became bright when the lanterns were lit.
켜다,형광등을 켜다,turn on the fluorescent light
켜다,텔레비전을 켜다,turn on the television
켜다,라디오를 켜다,turn on the radio
켜다,녹음기를 켜다,turn on the recorder
켜다,통나무를 켜다,saw a log
켜다,박을 켜다,cut a gourd in two
켜다,나무를 켜는 전기톱은 소리가 시끄럽다.,The chainsaw which is cutting a tree is noisy.
켜다,바이올린을 켜다,play the violin
켜다,그녀가 나를 위해 첼로를 켜면서 노래를 불러 주었다.,She sang the song for me while playing the cello.
켜다,멀리서 해금을 켜는 소리가 난다.,A sound played by the haegeum arises from afar.
켜다,고치를 켜다,spin thread off a cocoon
켜다,엿을 켜다,make a yeot white
켜다,그는 막걸리 한 사발을 쭉 켠 다음에 논두렁에 앉아서 땀을 닦았다.,"After he finished off his makgeolli with one large gulp, he sat on the ridge between rice paddies and wiped his sweat."
켜다,짜게 먹어서 그랬는지 물을 많이 켰다.,"Because I ate salty food, I drank lots of water."
켜다,기지개를 켜다,stretch
켜다,그는 일어나 기지개를 한 번 켜고 나서 창문을 열었다.,"He got up, stretched once and opened the window."
켜다,밭골을 켜다,make furrows
켜다,꿩 사냥을 할 때는 으레 우레를 켠다.,I usually use the bird call when hunting.
두다,당신에게 그것들을 남겨 둘까요?,Should I just leave them with you? 
항상,이 도로는 항상 공사중이다.,This road is always under construction. 
새벽,새벽 세 시-에,at three in the morning
빗,빗대다.,allude to
빗,빗나가다.,"to miss, go wide"
황소,황소는 수컷 소를 일컫는다.,A bull is a male cattle.
아니다,사람-은 짐승이 아니다.,People are not beasts.
아주,덕택에 저는 아주 잘 지내고 있습니다. 감사해요.,"It's going very well, thank you."
아주,집이 아주 많이 부서졌다.,The house is quite damaged.
입,한 입만,Just one bite (please)
케익,난 단지 케익을 아주 조금 먹었을 뿐이야.,I just ate a tiny little piece of the cake.
바르다,벽지-를 벽-에 바르다,to stick wallpaper on a wall
바르다,한지-를 바른 유리창,a windowpane papered (over) with hanji (traditional Korean paper)
바르다,아이-들 방-을 예쁜 벽지-로 발랐다.,I papered the children's room with pretty wallpaper.
바르다,흙-을 벽-에 바르다,to plaster the wall with dirt
바르다,벽-의 구멍-을 흙-으로 발랐다.,I plastered the hole in the wall with dirt.
바르다,상처-에 약-을 바르다,to paint a wound
바르다,얼굴-에 분-을 바르다,to powder one's face
바르다,입술-에 립스틱-을 바르다,to rouge one's lips
바르다,도자기-에 유약-을 바르다,to glaze ceramics
바르다,밤참-으로 식빵-에 버터-를 발라 먹었다.,I had some buttered bread for a midnight snack.
바르다,머리-에 기름-을 발랐다.,I greased my hair.
바르다,밤-을 바르다,to crack a chestnut
바르다,씨-를 바르다,to remove a seed
바르다,생선-을 발라 먹다,to eat fish after deboning it
바르다,생선 가시-를 발라서 버리다,"to throw away a fishbone, after deboning a fish"
바르다,길-이 바르다.,The road is straight.
바르다,줄-을 바르게 서다,to line up straight
바르다,선-을 바르게 긋다,to draw a straight line
바르다,옷매무새-를 바르게 하다,to adjust one's dress to become straight (without creases)
바르다,의자-에 바르게 앉아라,to sit in a chair straight
바르다,장롱-에 이불-을 바르게 개 넣어라.,to fold and put the bed erect in the wardrobe.
바르다,예의-가 바르다,to be polite
바르다,생각-이 바른 사람,a person with right thinking
바르다,마음가짐-이 바르다.,His mental attitude is right.
바르다,행실-이 바르다.,His behavior is right.
바르다,그-는 몸가짐-을 늘 바르게 한다.,He always behaves properly.
바르다,그-는 회사-에서 가장 인사성-이 바른 사람-이다.,He is the most polite person in the company.
바르다,역사-를 바르게 이해하다.,to understand history correctly
바르다,숨기지 말고 바르게 대답하시오.,"Don't hide (the truth), answer honestly."
바르다,기르던 잉꼬-가 죽자 아이-들-은 양지-가 바른 곳-에 묻어 주었다.,"When the parakeet died, the children buried it in a sunny place."
바르다,양지바르다,"sunny, be full of sunshine"
바르다,해바르다,"sunny, be full of sunshine"
바르다,난 그-를 완전히 발랐어.,I totally defeated him.
바르다,우린 저 팀-에 완전히 발렸어.,We totally got raped by that team.
바르다,"A: 야, 너랑 쟤랑 싸우면 누가 이겨? B: 아~ 내가 그냥 바르지~","A: Hey, can you beat him? B: Yeah, for sure."
맞추다,몸-을 옷-에 맞추세요!,Adapt the body to a suit (which may not fit you)!
우물쭈물,우물쭈물대다가 다친다?,You're going to get hurt if you keep being indecisive like this.
결,바람-결-에 피리 소리-가 들렸다.,I heard a flute sound riding on the wind.
결,잠-결-에 누가 우는 소리-를 들었다.,"While sleeping, I heard someone crying."
결,어느결-에 한 달-이 지났다.,A month has passed unknowingly.
옆,옆에 앉아도 될까요?,Do you mind if I sit next to you?
안녕,"안녕하세요? &mdash; ^안녕? 마샤니? 나 ^아나야. &mdash; ^죄송하지만, 전화 잘못 거셨네요.",Hello. &mdash;  Hello. Is this Marsha? It is Anna. &mdash;   I am sorry. You have the wrong number.
씹다,이-가 없는 노인-은 씹을 수 없다.,An old person without teeth cannot chew.
곧,곧 야구 경기가 시작된다.,The baseball match will begin shortly.
비자,비자-를 받다,to receive/get a visa
지금,너 지금 기분이 어떠니?,How do you feel now?
지금,"스튜디오 좀 봐도 되나요? — 음... 아마도 다음에요, 지금은 제가 바빠요.","May I see the studio? — Um, maybe another time? Right now I am busy."
지금,지금까지,until now
지금,지금부터,from now on
주다,선물-을 주다,to give a present
국,국 한 그릇.,A bowl of soup.
분,8(여덟)시 45(사십오)분,8:45 (time)
구별하다,일난성 쌍동이의 외모는 구별하기 어렵다.,It's difficult to distinguish between the identical twins.
게으름,시험에 떨어지지 않으려면 게으름을 그만 피우도록 하여라,Stop your indolence if you don't want to fail the examination.
풀,밭-에 풀-이 무성하다.,The grass is thick in the field.
풀,스님-들-은 풀-만 드신다.,Buddhist monks only eat vegetables.
야채,^야채-와 과일-에는 비타민-이 많이 들-어 있다.,There are many vitamins in vegetables and fruit.
가마,벽돌을 가마에 굽다,to bake bricks in a kiln
가마,가마 밑이 노구솥 밑을 검다 한다.,The pot calls the kettle black.
가마,내 머리에 가마가 하나니 둘이니?,Do I have one or two hair whorls?
가마,쌀 한 가마에 십만 원 간다.,"The market price of rice is 100,000 won a bag."
가마,가마를 타고 가다,to go by palanquin
가마,가마를 메다,to carry a palanquin on the shoulder
느낌,느낌 아니까.,~you know.
왜,너-는 이 가수-를 왜 좋아해?,Why do you like this singer?
왜,그것-으로-는 네-가 왜 전화를 안 했는지 설명-이 안 돼.,That doesn't explain why you didn't phone. 
곳,갈아타는 곳,place to transfer
곳,나가는 곳,place to exit
수리,저는 차를 수리 맡겨야 해요.,I need to get my car repaired.
수리,"수리된 건물과 풀이 자라지 않은 도로가 있다면, 이로써 연구자들은 사람들이 주변에 거주하고 있을 수 있다고 생각한다.",Structures that have been repaired and roads without grass growing on them may show researchers that people are living nearby.
종다리,샛별 지자 종다리 떴다,The morning star's descending; the skylark's ascending.
다시,"죄송한데 제가 잘 못 들었거든요, 다시 말씀해 주시겠어요?","Sorry, I didn't hear you. Can you say that again please?"
다음,다음 주 토요일은 어때?, How about next Saturday?
사람들,그러나 소수-의 사람-들-만-이 그것-이 실제로 무엇-을 하는지-를 안다.,Yet few people know what it actually does. 
이제,이제 점심 시간이야.,Now it's lunchtime.
시합,우리는 그 시합에서 참패했다.,We were completely defeated in the match.
많이,^많이 드세요.,"Eat a lot. (""dig in""; ""bon appetit"")"
거의,에세이에서 백퍼센트(100%)를 얻는다는 것은 거의 불가능하다.,It's practically impossible to get 100% on the essay. 
메뚜기,메뚜기-도 한 철.,Grasshoppers have a best season.
귀고리,"귀에 걸면 귀(엣)고리, 코에 걸면 코(엣)고리", As indiscreet as applying a ring to the ear and to the nose alike.
밝히다,밤을 밝히다,to sit up at night
걔,걔는 학교에서 늘 우등생이었어.,That kid was always on the honor roll in school.
지내다,어떻게 지냈어요?,"How are you? (polite, literally, ""How are you getting along?"")"
지내다,잘 지내요. 고마워요.,I'm fine. Thank you. (plain)
맑다,물이 너무 맑으면 물고기가 못산다.,Too clear waters breed and feed no fish.
저희,저희는 오늘 고객 여러분께서 즐겁게 쇼핑하셨기를 바랍니다.,We hope you enjoyed your shopping experience today.
김치,한민족-은 수천년 간 김치 힘-으로 살아 왔다.,"For thousands of years, the Korean nation has taken its strength from eating kimchi."
서울,^파리-는 ^프랑스-의 서울-이다.,Paris is the capital of France.
서울,우리나라-의 서울-은 ^서울-이다.,The capital of our country (i.e. Korea) is Seoul.
서울,^서울-에 가요.,"(I am, you are, he is, etc.) going to Seoul. / Let's go to Seoul"
맞다,네 말-이 맞다,You are right.
맞다,"여보세요? 아나 맞아? &mdash; 그래, 나 여기 있어.","Excuse me? Anna? Is that you? &mdash; Oh, yes. I am here!"
맞다,주사를 맞다.,to have an injection.
그것,그것은 펜이 아니야. 그것은 책이야.,It is not a pen. It is a book.
그것,그걸 생각 못했네.,I didn't think  about that. 
반갑다,만나서 반갑습니다.,Pleased to meet you.
반갑다,만나 뵙게 되어 반갑습니다.,Nice to meet you.
반갑다,"가: 나, 살 빼기로 결심했어. 나: 듣던 중 반가운 소리군요.",A: I decided to lose weight. B: That sounds great.
반갑다,나로서는 그가 반갑지 않은 손님이었다.,"As far as I am concerned, he was unwelcome."
계시다,안녕히 계세요.,Goodbye. (as said by the person leaving to the person staying)
-에게,엄마-에게 전화-를 했습니다.,I called my mother.
매우,그는 그의 판촉 활동에 매우 들떠 있었다.,He was very excited about his promotion.
틀다,라디오-를 틀다,to turn on the radio
조금,"안녕, 아멜리아. 바빠? — 조금 바빠.","Hi, Amelia! Are you busy? — I’m a little busy."
고맙다,고맙습니다,thank you
고맙다,서둘러 주시면 고맙겠소이다. ,I'd appreciate it if you'd hurry up about it. 
서술,서술부어,"sentence predicate (literally, ""predication part"")"
직접,직접-의,"direct, immediate, personal"
직접,직접 목적어,direct object (of a verb)
어떻게,"안녕, 피트. 어떻게 지내? 안녕 아나. 좋아. 넌 어떻게 지내? 굉장히 잘 지내.","Oh, hi, Pete. How’s it going? —  Hi, Anna. It’s going great. How’s it going with you? — Things are awesome!"
어떻게,이자율이 어떻게 되지요?,What is the interest rate?
어떻게,어떻게 오셨어요?,What brings you here? Why have you come?
어떻다,어떻습니까?,How is that?
어떻다,내일 저녁-은 어때요? / 좋아요. 몇 시예요?,How about tomorrow night? / Ok. What time? 
어떻다,새 아파트-는 어때? — 새 아파트-는 훌륭해.,How's the new apartment? —  The new apartment is great!
학생답다,학생다운 옷차림,suitable attire for a student
몇,^몇 살-이에요?,"How old are you?, How old is (he/she)?"
몇,^몇 층에 사세요?,What floor do you live on?
타다,커피-를 타다,to make coffee
타다,너무 쓰면 우유 좀 타봐.,"If it's too bitter, try mixing some milk in."
타다,그-는 누군가-가 물-에 청산가리-를 탔다는 편집증-에 항상 시달리고 있다.,He is always suffering from a paranoia that someone has mixed poison in his water
그립다,고향이 그립다.,I am homesick.
다니다,우리는 함께 학교를 다녔어요.,We went to school together.
다니다,회사에 다니다,to work at a company
다니다,학교에 다니다,to attend a school; to be a student at a school
들르다,제가 사무실에 들를게요.,I'll come by the office. 
들르다,떠나기 전에 잠깐 들러요.,Come by before you leave. 
멋지다,이 다방은 아주 멋지다.,This coffee shop is very nice.
멋지다,나는 멋지고 따뜻한 기분이 들었다.,I felt so nice and warm!
버리다,설마했던 니-가 나-를 떠나버렸어<br>설마했던 니-가 나-를 버렸어,I didn't think that you would leave me; I didn't think that you would abandon me
바쁘다,캐롤라이나 팬더스와 덴버 브롱코스는 슈퍼볼 50(오십)을 준비하느라 바쁘다. ,The Carolina Panthers and Denver Broncos are busy preparing for Super Bowl 50. 
바쁘다,지금은 바쁘지만 일이 끝나면 상대해줄께.,"I'm busy right now, but I'll deal with you when I'm done."
새롭다,혹시 새로운 직원을 채용하고 있는지요?,Are you by any chance looking for a new staff member?
슬프다,“위로 올라가야지만 그것을 볼 수 있어요”라고 그는 슬프게 말했다.,"“Only when we climb up can we see it,” he said sadly."
어둡다,복사물이 아주 어둡게 나오는군요.,Copies are coming out really dark.
-한테,친구-한테 생일 선물-을 보냈어요.,I sent a birthday present to my friend
편찮다,어디-가 편찮으세요?,Where [do you feel] ill?
않다,어렵-지 않은 수업,a lesson which is not difficult
않다,듣지 않는 수업,a lesson which [I] do not listen to
않다,공부-를 않는다.,[I] don't study.
때문,일 때문-에 오늘-은 못 만날 것 같아.,"Because of work, I don't think I can meet you today."
때문,남자친구 때문-에 딴 남자-를 못 만나.,I can't meet other guys because of my boyfriend.
때문,"네, 그렇기 때문-에 그 회사-의 주식-이 떨어지고 있어-요.","Yes, that company's stocks are failing because of that."
때문,제-가 ^베트남어-를 공부하는 이유-는 ^베트남-이 ^동남아 국가-들 중 가장 발전 가능성-이 크다고 생각하기 때문-입니다.,The reason I am studying Vietnamese is because I believe that Vietnam has the greatest potential for development among the countries of Southeast Asia.
나오다,학생은 학교에서 나왔어요.,The student came out of school.<ref>Example from https://www.howtostudykorean.com/unit1/unit-1-lessons-9-16/lesson-15/#m5</ref>
자신,"ABC는 자신의 재량으로 여기에 규정된 특허의 존재를 등록할 권리를 가지거나 ""대리점""으로 하여금 ""지역""내에서 ""대리점""의 비용으로 등록된 사용자로서 등록을 하게 요청할 수 있다.","ABC, at its discretion, shall have the right to record the existence of the license hereunder, or require the Distributor to register as a registered user in the Territory at the Distributor's expense."
함께,우리는 함께 학교를 다녔어요.,We went to school together.
다른,이 이메뉴는 3개의 다른 언어로 쓰여져 있다.,This e-menu is written in three different languages.
다른,다른 말로 하면,in other words
어떤,어떤 것이든 투자에는 위험 요소가 수반된다.,Any investment involves an element of risk.
어떤,어떤 사물이나 일의 실제 모습이나 상태.,The true nature or state of a certain object or affair.
누구,누구든 그 여자가 동의하지 않았다고 생각할까 봐서 그 여자는 아무 말도 하지 않았다.,"She said nothing, lest anyone think she didn't agree. "
교육,그녀-는 교육-을 잘 받았기-에 좋은 직장-을 구하였다.,She is well educated because of which she has got a good job.
이상,다른건 다 맞는데 이거 하나만 맞지 않아서 뭔가 이상하다.,This is strange because everything else is right except for this one.
이상,몸이 이상하다. 오늘은 좀 쉬어야겠다.,I feel strange. I'm going to have to take a break today.
그런데,그런데 왜 차를 가져 가지 않는 겁니까?,But how come you are not taking your car?
모두,“어떻게 생각해? 이것은 굉장한 소식이야. 우리 모두가 좋아하는 어떤 사람에 대한 중요한 소식이라구.”,"“What do you think? It is excellent news, capital news, and about a certain person we all like.”"
모든,모든 길-은 로마-로 통한다.,all roads lead to Rome 
모습,본 작품은 빠르고 정확한 뉴스를 전달하기 위해 발 빠르게 뛰어다니는 기자 모습을 생동감 있게 표현한 작품이다.,This work is a work expressing with liveliness the appearance of a reporter who rushes about quickly in order to deliver quick and accurate news.
어디,공항까지 지하철을 타면 될 것 같은데 혹시 지하철이 어디 있는지 아세요?,I think I can take the subway to the airport. Do you know where the subway is?
어디,헬스클럽이 어디 맞은편이라고? — 헬스클럽은 라운지 맞은 편이야. — 라운지 맞은편이라… 알겠어. 고마워.,The gym is across from … what? — The gym is across from the lounge. — Across from the lounge.  Right. Thanks!
여기,"그래, 나 여기 있어. &mdash; 좋아, 너 거기 있구나.","Oh, yes. I am here! &mdash; Good. You are there."
정부,"이곳-의 정부-는 부패하였으니, 저희-는 이곳-을 탈출하여 떠날 것 입니다.","The Government here is corrupt, so we'll move to escape them."
이번,이번 주말,this weekend
세상,난 이 세상 누구-보다-도 널 사랑해.,I love you more than anybody else in the world.
국민,"그래, 대통령-은 국민-들-이 선출한 한 국가-의 수장-이야.","Yes, the president is the head of a country elected by the people."
현실,현실에 존재하는 물체.,A thing that exists in reality.
년대,1990년대,the 1990s
년대,1300년대,the 1300s
관련,제조자-는 제품-의 품질-에 관한 모든 관련 데이터-와 기록-을 보관하여야 한다.,Manufacturer shall retain all relevant data and records regarding the quality of the Products.
역할,네-가 떠나기 전-에 네 역할-에 관하여 브리핑-을 하겠다.,I will give you a briefing about your role before you leave. 
역할,오십마리-의 강아지-들-이 경기-에서 역할-을 펼칠 것-이다.,Fifty puppies will “play” in the game.
방향,바람이 불어오고 있는 방향을 향해서,towards the direction from which the wind is blowing
대신,가-는 대신-에 집-에서 있었어요.,"[I, you, he/she...] stayed home instead of going."
도매,물건을 도매로 삽니다.,[I] buy the materials at wholesale.
귀찮다,귀찮다.,It's a hassle.
동시,"사법권-은 각 네 명-의 판사-로 구성되는 세 개-의 고등법원-에 맡겨지고, 모든 민사 문제-에 관하여 동시-에 관할권-을 갖는다. 또한 사법권-은 상황-이 열악한 수많은 지방 법원에도 맡겨진다.","The judicial power is vested in three high courts consisting of four judges each, and having concurrent jurisdiction in all civil matters; and in a great number of inferior municipal courts."
전쟁,이 전쟁-을 끝내러 왔다.,I came to end this war.
전쟁,전쟁-과 투쟁-은 여전히 세상-에 살아 있다.,War and strife still live in the world.
시절,"니콜 키드만은 초등학교 시절에 ""레인 코브 퍼블릭 스쿨""을 다녔다.",Nicole Kidman attended Lane Cove Public School in her primary years. 
시절,양 씨는 그의 마을에서 그 빙하의 가장 낮은 끄트머리를 볼 수 있었다고 기억한다고 말한다. 그러나 그런 시절은 지나갔다.,Yang says he remembers being able to see the glacier’s lowest edge from his home village. But that time has passed.
개인,커피 메이커를 개인 용도-로 쓰든 업무용-으로 쓰든 간-에,Whether you want the coffeemaker for personal or for business use.
살펴보다,연구자들은 단서를 찾기 위해 인공위성에서 전송된 사진들을 살펴본다.,Researchers look at images from satellites for clues.
시기,하기-에 좋은 시기,a good time for doing something
시기,시기-를 놓치다,to miss an opportunity
시기,이 달-은 태풍-이 찾을 시기다.,This month is typhoon season.
시기,시기-는 흔히 열등감-에 그 원인-이 있다.,Jealousy often stems from an inferiority complex.
생산,생산·제조·가공·운반-을 제한 또-는 중지하라는 명령-을 이행하지 아니하는 경우,"Where he/she does not obey any order to restrict or suspend the production, manufacture, processing or transportation"
은행,은행-에 계좌-를 가지고 있다.,to keep one's account at the bank 
풀다,난 실용적-이라기보다-는 이론적-으로 그 문제-를 풀었다.,I solved the problem theoretically rather than practically.
흔들다,그 여자는 그녀의 연인에게 손을 흔들고 있다.,The woman is waving her hand to her lover. 
별로,별로 많이 기다리지 않았어요.,I have not been waiting very long.
별로,별로 많지 않아요.,There is really not a lot.
별로,Person 1: 이 옷 어때? Person 2:^별론데?.,Person 1: How is this dress? Person 2: Not so good.
부탁,부탁-이 있는데요.,I have a favor to ask.
내려가다,나는 그 청구액을 상환하러 가게에 쭉 내려가고 있는 길이야.,I'm going straight down to the store to redeem that bill.
표기,로마자 표기,Roman transcription (romanization)
신청서,신청서를 하나 드리겠습니다.,I can get you an application form.
일찍,그날 저녁 일찍,early that evening
혹시,공항-까지 지하철-을 타-면 될 것 같은데 혹시 지하철-이 어디 있는-지 아세요?,I think I can take the subway to the airport. Do you know where the subway is?
힘들다,그것은 힘든 일이다!,That is a hard work!
면,나-는 항상 긍정적-인 면-을 보려고 한다.,I always try to look on the positive side.
목마르다,"난 너무 목말라서, 오렌지 주스를 세 잔이나 비웠어.",I was so thirsty that I got through three glasses of orange juice.
설정,사용자 환경 설정,user environment creation
이메일,"이메일 첨부파일을 출력할까요, 아니면 그냥 모니터 상으로 읽으시겠어요? / 출력해 주세요."," Do you want me to print out the e-mail attachment, or will you just read it on the monitor? / I'd rather have a printout."
마치다,저에게는 후원자들이 있습니다. 그들이 제 일을 마치도록 도와줄 겁니다.,"I have supporters, they'll get my work done."
목적,많은 사람-들-이 하나-의 목적-을 가지고 모여서 여는 집회,a demonstration held by many people with one goal
괜찮다,괜찮으시다면,if it is OK with you; if you don't mind
괜찮다,괜찮으세요?,Are you OK?
괜찮다,지금까지는 괜찮았지만 정작은 이제부터다.,"So far so good, but we shall have to be ready for the worse."
거치다,관광버스-는 ^오타와-를 거쳐 ^몬트리올-로 간다.,The tour bus goes to Montreal by crossing through Ottawa.
나아가다,병이 나아가다.,to be getting better from illness.
나아가다,앞으로 나아가다.,to move forward.
떨어지다,"1988년에 국제 소아마비 퇴치 프로그램이 개시된 이후로, 소아마비 사례의 숫자는 구십구점구(99.9)퍼센트 떨어졌다.","Since 1988, when the Global Polio Eradication Program began, the number of polio cases has dropped by 99.9 percent. "
예술,그 화랑-에는 많은 예술 작품-이 있다.,The gallery has many pieces of art.
사업,^밥과 ^앤디-는 사업 관계-를 맺었다.,Bob and Andy went into business together. 
사업,더 나은 실적-을 위해서 사업 투자-에 대해서 얘기하고 싶습니다.,I'd like to talk about the business investment for better performance.
대다,기차 시간에 대도록 서두르자.,Let's hurry to be on time for the train.
대다,운전사는 사장이 회의 시간에 댈 수 있도록 지름길로 차를 몰았다.,The driver takes a shortcut to take his boss in time for the meeting.
대다,나는 약속 시간에 대서 나왔는데 아무도 없었다.,I got there on the exact appointed time but none were present.
대다,차가 밀려 비행기 시간에 대어 오느라 혼났다.,I was almost late for my flight because of the traffic jam.
대다,하늘에 대고 하소연을 했다.,I complained to the sky.
대다,아이들이 나무에 대고 돌을 던지고 있다.,Children are throwing rocks at the tree.
대다,어머니는 아들에게 대고 그동안의 불만을 한꺼번에 내쏟았다.,She vented her harbored complaints on her son.
대다,"너, 어디다 대고 반말이냐?",How dare you talk down to me!
대다,그는 대문에 대고 소리를 질렀다.,He shouted at the gate.
대다,취객이 전봇대에 대고 오줌을 싸고 있다.,A drunk is urinating on the telephone pole.
대다,수화기를 귀에 대다,hold the receiver to one's ear
대다,"나비는 벌써 말라 있어서, 손을 대는 정도로도 쉽게 부서졌다.","Since the butterfly had already got dry, it broke simply only by touching."
대다,여자에게 손을 대다니.,How dare you hit a woman!
대다,그녀는 술잔을 입에 대지 않았다.,She did not drink alcohol at all.
대다,너의 글에는 손을 댈 것이 없구나.,Your text is very perfect.
대다,그는 안주에 손도 안 대고 술만 먹는다.,He drinks only alcohol without eating snacks.
대다,그는 방바닥에 배를 대고 엎드려 만화책을 보고 있다.,　He lies down on the floor of the room and is reading comics.
대다,그림에 붓을 대다,draw a picture with brush
대다,그는 기계에 공구를 대고 무언가를 열심히 고치고 있다.,He is fixing something hard using a tool to the machine.
대다,아무리 급해도 어른보다 먼저 음식에 숟가락을 대는 게 아니다.,"However busy you may be, you cannot eat, by the time a senior eats ahead of you."
대다,그는 벽지에 자를 대지 않고도 정확하게 잘랐다.,"He cut wallpaper correctly, without using a ruler."
대다,그녀는 칼이나 가위를 대지 않고 종이를 잘 자른다.,She cuts paper well without using a paper cutter and scissors.
대다,의사는 우선 아이의 가슴에 청진기를 대고 진찰했다.,The doctor was first examined using the stethoscope to the child's chest.
대다,그는 환자 몸에 칼을 대지 않고 의사 생활을 할 수 있는 신경정신과를 선택했다.,He chose the department of neuropsychiatry which does not need to perform an operation on a patient.
대다,항구에 배를 대다,anchor the ship in the harbor
대다,그는 어제 집 앞에 차를 대다가 접촉 사고를 냈다.,"As he had parked the car in front of the house yesterday, he caused the minor collision."
대다,고속도로에서는 갓길에 차를 대서는 안 된다.,Don't park a car at a shoulder on an expressway.
대다,앞 차에 바싹 트럭을 대다가 그 차와 부딪쳤다.,The car was collided with as I had parked the truck exactly.
대다,그는 그동안 남몰래 가난한 이웃에게 양식을 대 왔다.,He has secretly provided food for his poor neighbors in the meantime.
대다,저는 이 지역 사무실에 생수를 댑니다.,I supply bottled water to this local office.
대다,그 아줌마는 우리 집에 매일 우유를 댄다.,That lady supplies milk to my house every day.
대다,그는 퇴직금을 아들이 하겠다는 사업에 댔다.,He invested the retiring allowance in the enterprise which his son tries to do.
대다,몇 년 동안 야채를 대던 이 씨와 거래를 끊었다.,Dealings were interrupted with Mr. Lee who offered vegetables for years.
대다,우리 공장에 부품을 대는 업체가 부도를 맞았다.,The company which supplies parts to our factory went bankrupt.
대다,동료들이 그에게 수술비를 대 주자며 돈을 모았다.,Money was raised in order that coworkers pay his cost of hospital stays and operations.
대다,동생이 사업을 확장하는 데에 자금을 대 달라고 한다.,"A younger brother says ""Invest the fund for extending an enterprise."""
대다,그들은 유흥비를 대기 위해 도둑질을 했다고 자백했다.,They confessed having begun theft for amusement expenses.
대다,공책에 책받침을 대고 쓰다,write with a plastic sheet under the notebook
대다,벽에 등을 대고 앉았다.,I leaned and sat on the wall.
대다,종이 뒤에 먹지를 대다,pile up a carbonic paper behind paper
대다,옷에 헝겊을 대고 꿰매다,apply and sew a cloth piece in clothes
대다,그는 찢어진 문풍지에 신문지를 댔다.,He applied the newspaper to the torn weather strip.
대다,그는 차마 같은 동포에게 총부리를 댈 수가 없었다.,He was able to stand to pointing his gun at his fellow countryman.
대다,소방수들은 3층에 호스를 대고 집중적으로 물을 뿌렸다.,"Firemen turned the hose to the third floor, and poured water on it intensively."
대다,그는 몰래 적군 뒤로 가서 등에 권총을 대고 무장해제를 시켰다.,"　He went behind the enemy secretly, turned to the handgun to him, and made him disarmed."
대다,그들은 한 판에 천 원씩을 대고 노름을 시작하였다.,They started gambling with ₩1000 on one hand.
대다,"사람들은 주인에게 판돈을 대고, 경기 결과를 초조하게 지켜보았다.","People watched the result of the game uneasy, after spending money on the master."
대다,아들에게 변호사를 대다,get a lawyer for one's son
대다,건설 현장에 인부를 대는 일은 결코 쉽지 않다.,It is by no means easy to introduce a laborer to a construction site.
대다,그놈에게 가정교사를 대 봐야 소용없다.,It is useless even if I introduce a private teacher to that fellow.
대다,그는 중국집을 하는 형에게 잘 아는 주방장을 대 줬다.,He introduced the master chief whom he knows well to the big brother who runs the Chinese restaurant.
대다,그가 친구에게 댄 의사도 친구 아들을 구할 수는 없었다.,"The doctor whom he introduced to his friend was not able to help his friend's son, either."
대다,논에 물을 대다,irrigate a paddy
대다,이웃집 영감이 밤새 우리 집 논물을 개울 쪽으로 대어 놓아서 피해가 크다.,"Since the neighboring old man ran the water of my paddy field in the brook all night long, damage is serious."
대다,고객에게 전화를 대어 주다,connect somebody with guest
대다,실력자에게 연줄을 대려는 사람들이 너무 많다.,There are too many people who are going to make connections to a strong man.
대다,전화를 부관실로 대 주시오.,Connect a telephone with an aide-de-camp room.
대다,회장실로 연줄을 대 준 사람은 아무도 없다.,I have nobody who made the connection of the chairman room.
대다,그는 고위층과 줄을 대려고 노력하였지만 헛수고였다.,"Although he try to make a connection with the high-ranking officials, it was useless."
대다,그들은 서로 연줄을 대려고 오랫동안 이야기를 나누었지만 공통점이라고는 하나도 없었다.,"Although talked for a long time for them to make a connection mutually, they have nothing in common."
대다,그녀는 자신의 애인에게 어깨를 대고 편안하게 앉아 있었다.,She was sitting snungly by resting her shoulder on her boyfriend.
대다,어머니는 듬직한 아들의 등에 당신의 머리를 대고 잠이 드셨다.,"The mother put her head on a reliable son's back, and fell in sleep."
대다,나는 그와 서로 등을 대고 앉아 먼 산을 바라보았다.,"I sat down leaning the back mutually with him, and looked at the distant mountain."
대다,우리는 서로 어깨를 대고 상대를 원 밖으로 밀어내는 경기를 하였다.,We held the game which attaches the shoulder of each other and pushes out a partner outside a circle.
대다,그의 솜씨에 내 실력을 댈 수는 없다고 생각한다.,I think it is impossible to compare his skill and mine.
대다,그에게 대면 결코 네 키는 작은 것이 아니다.,"Compared with him, your height is by no means short."
대다,나는 그와 키를 대어 보고 싶지 않았다.,I did not want to compare him with height.
대다,아이들은 서로 신발의 크기를 대어 보았다.,Children compared the size of footwear mutually.
대다,나는 내 장갑을 그의 장갑과 대어 보고서야 내 손이 큰 줄을 알았다.,"I have noticed that my hand is large, after comparing my glove with his glove."
대다,두 팔의 길이를 대어 보면 정확하게 일치하는 사람은 많지 않다.,"If the length of both arms is compared, there are not many people whose it corresponds correctly."
대다,누가 더 큰지 우리 한번 대 보자.,Let's see who is taller.
대다,어머니에게 구실을 대다,make an excuse to one's mother
대다,나는 굳이 친구에게 핑계를 대고 싶지 않다.,I do not want to dare to excuse myself to a friend.
대다,네가 그때 왜 그런 행동을 했는지를 나에게 대라.,Tell me the reason for why you did such action at that time.
대다,검사에게 너무 배가 고파서 빵을 훔쳤다고 대면 정상이 참작될지도 모른다.,"It may extenuate circumstances, if you tell a public prosecutor that you have been hungry very much and stole bread."
대다,그녀가 그때 무슨 말을 했는지를 나에게 대라.,Tell me what she said at that time.
대다,내일 너희 무리들이 무슨 짓을 할 것인가 솔직하게 대라.,Say frankly what doing your fellows will do tomorrow.
대다,그 일을 내가 했다고 친구에게 솔직하게 댈 수밖에 없었다.,I could not but tell my friend frankly that I did it.
대다,경찰에게 알리바이를 대다,give an alibi to the police
대다,아무리 고문을 해도 독립군의 명단을 댈 수는 없었다.,"However I might be tortured, I was not able to hand the list of names of the independent army."
대다,아이는 어디서 무엇을 했는지를 사촌 형에게만은 바른대로 대었다.,The child said honestly what he did where only for a cousinly elder brother.
대다,그는 예상 외로 김 형사에게 자신이 모든 사건을 배후에서 지시했다고 순순히 대었다.,"Unexpectedly, he told Detective Kim obediently that he was pointing to all the incidents from behind."
대다,양쪽에서 가해자라고 대는 사람들 가운데서 50여 명을 색출했다.,50 persons were discovered in the people claimed to be an assailant from both.
대다,얼른 우리에게 접선 암호를 대라.,Give us a code quickly.
대다,그는 손님에게 터무니없는 액수를 댔다.,He told the customer the surprising price.
대다,검사는 그가 돈을 빼돌렸다는 증거를 대지 못했다.,The public prosecutor was not able to give evidence that he pocketed money.
대다,이 검사는 재판부에 피고의 피 묻은 옷을 증거로 댔지만 재판부는 인정하지 않았다.,"Although Public Prosecutor Lee submitted the defendant's dress with blood to the justice department as a proof, it wasn't accepted."
대다,범인은 돈을 어디에다 숨겼는지를 대지 않는다.,A criminal does not say where money was hidden.
대다,어디서 무엇을 했는지를 바른대로 대라.,Say honestly what you did where.
대다,그는 검찰에 공범인 그 친구에게 돈을 주었다고 사실대로 댔다.,He told the truth that he gave the friend of complicity money at the prosecution.
대다,양 떼를 몰아 대다,drive a flock of sheep
대다,아이들이 깔깔 웃어 댄다.,Children laugh loudly.
대다,우리는 그를 멍청이라고 놀려 대고는 하였다.,We teased him by saying that he is a fool.
대다,그는 중풍에 걸려 손을 떨어 대었다.,"Since he was suffered from palsy, he had a tremor in his hands."
대다,위층 사람들이 떠들어 대는 바람에 나는 한숨도 잘 수가 없었다.,"Because upstairs people made noise, I did not get a wink of sleep."
대다,까불대다,cut capers
대다,반짝대다,glitter
대다,방실대다,smile
대다,출렁대다,slop
주장,사실에 관한 주장,factual allegation
주장,다음 진술서는 그러한 주장을 해하지 않는다.,The following submissions are without prejudice to that contention.
이상하다,이상-한 소리-를 내다,to make weird sounds
주제,수백년 동안 그 주제는 논의의 중심에 있다.,The topic has been at the center of conversation for hundreds of years. 
가격,가격을 인하하다,mark down the price 
물질,독성이 있는 요소나 물질.,A poisonous element or substance.
엄청나다,"히틀러-가 ^독일-을 통치하였을 때, ^독일인-들-은 그-에게 엄청난 충성심-을 보여주었다.",The Germans exhibited great loyalty to Hitler during his rule in Germany.
위원,국제연합 기후변화에 관한 정부간 위원단은 최근에 그러한 증가가 전세계적으로 빙하의 28(이십팔) 내지 44(사십사) 퍼센트를 녹이기에 충분하다고 보고하였다.,The United Nations Intergovernmental Panel on Climate Change recently reported that that rise is enough to melt 28 to 44 percent of glaciers worldwide.
미치다,너 미쳤어?,Are you insane? (informal)
미치다,"미치겠네, 진짜.",Driving me crazy. Seriously.
신경,신경이 쓰이다,weigh upon one's mind (colloquial)
신경,신경을 쓰다,to be attentive (about something)
공연,"주요한 비평가-들-로-부터 혹평-을 받은 뒤, 그 공연-은 막-을 내렸다.",The show closed after getting negative reviews from the major critics.
벌다,돈을 벌다.,to make(earn) money.
응,"안녕 조나단, 바빠? — 응, 난 바빠.","Hi, Jonathan. Are you busy? - Yes, I’m busy."
삼키다,아이가 무엇을 삼켰는지 자꾸 토한다.,"The kid keeps gagging, like he swallowed something."
삼키다,막 쏟아지려는 눈물을 못내 삼키며 집을 뛰쳐나갔다.,"I ran out of the house, holding back the tears that were ready to flow."
삼키다,남의 돈을 슬쩍 삼키고는 오리발을 내밀었다.,He secretly took someone else's money and played innocent.
어찌,"아나: 피트 안녕. 안녕. 우리 여기 있어. — 피트: 안녕, 아나. 안녕. 마샤. —아나: 안녕. —피트: 너희 둘은 어찌 지내? —마샤: 난 좋아. ","Anna: Pete, hi! Hi, we are here! —Pete: Hi, Anna! Hi, Marsha! —Anna: Hi! —Pete: How are you two? —Marsha: I am great!"
금방,금방 돌아올게요.,I'll be right back.
고구마,고구마-를 기르다,to grow sweet potatoes
고구마,고구마-를 캐다,to dig up sweet potatoes
고구마,다 익은 고구마-의 노란 속-이 정말 맛있어 보인다.,The yellow inside of the steamed sweet potato looks really delicious.
군사,"군사 훈련은 힘들었지만, 난 이겨냈다.","Military training was hard, but I got through it. "
요리,"그리고, 마샤는 내가 요리를 잘 한다고 말해주네.",And Marsha says I am good at cooking!
에너지,"애슐리 존슨은 미국에 기반을 두고 있는 국립 아시아 연구소의 에너지, 무역 및 경제학 전문가이다.","Ashley Johnson is an energy, trade and economics expert at the National Bureau of Asian Research, based in the United States."
-께,저-는 선생님-께 사과-를 드렸습니다.,I gave an apple to the teacher.
-께,어머님-께 온 편지,A letter for my mother
미리,미리보기,preview
-께서,선생님-께서 저-에게 사과-를 주셨습니다.,The teacher gave an apple to me.
-까지,나는 한 시부터 늦게까지 공부했어요.,I studied from one o’clock until late.
-까지,^매리가 ^부산에서 ^서울까지 열차로 갔어요.,Mary went as far as/to Seoul from Busan by train.
-까지,일년 더 걸려도 ^서울대에 입학할 때까지 공부하기로 결정했어요.,Even if it takes one more year I have decided that I will study until I get into Seoul National University.
-까지,^존이 ^동우를 이렇게까지 좋아할 줄 몰랐어요.,I had no idea how much John liked Dongwoo.
판매,그녀-는 자신-이 좋아하는 상점-의 할인판매 광고-를 보고 쇼핑-을 하기-로 했다.,She decided to go shopping after reading an advertisement of a sale at her favorite store.
주인공,주인공이 되면 인생이 피곤해진다.,Life gets tired when you become the main character.
주인공,"나의 자서전이라고도 할 수 있는 이 이야기에서, 과연 내가 주인공인지, 아니면 다른 사람에게 주인공의 자리를 넘겼는지는 다음을 읽어보면 알게 될 것이다.","Whether I shall turn out to be the hero of my own life, or whether that station will be held by anybody else, these pages must show."
당장,당장 우리 자리를 예약할께요.,I'll book our seats right now.
새끼,이 새끼 너 건방져!,You (Cha Ji-cheol) arrogant bastard!
복잡하다,"^베르트푀이-는 이렇게 말-했다. ""마지막 남은 여정-은 복잡-한 여정입니다.""","Vertefeuille said, “The last mile is a complicated mile.”"
공사,그러나 실제 공사-는 한군데 이상 서로 다른 장소-에서 수행된다. ,But the actual construction work is performed at one or more different sites. 
자꾸,먹지 말라 해-도 자꾸 먹는다.,"Even when I tell him to not eat it, he keeps eating."
챙기다,비행기에서 내리시기 전에 모든 소지품을 챙기셨는지 확인해 주시기 바랍니다.,"Before getting off the airplane, please ensure that all your belongings are with you."
진짜,퍼피볼은 진짜 슈퍼볼에 대한 대체물입니다.,The Puppy Bowl is an alternative to the real Super Bowl.
주어지다,태어나자 마자 주어지다.,Given at birth.
끝내다,난 이것을 점심 시간까지 끝낼 것이다.,I'll get this finished by lunchtime.
온갖,그는 온갖 음해에 시달렸다. ,He suffered all kinds of slanders.
시스템,저희 시스템이 언제 작동하게 될지 잘 모르겠으니 내일 방문해 주실 수 있다면 좋을 것 같습니다.,I'm not sure when our system will be up and running. It will be nice if you come back tomorrow.
저기,저기. 내가 미안해. — 괜찮아. 아나.,"Well, I am sorry. — It’s okay, Anna."
공급,"그녀는 ""중국은 세계 인구의 20퍼센트를 가진 나라로, 깨끗한 물은 세계의 7퍼센트 밖에는 가지지 못하여, 항상 깨끗한 물의 공급 문제를 안고 있다.""고 말했다.","She said, “China has always had a freshwater supply problem with 20 percent of the world’s population but only 7 percent of its freshwater."
일어서다,그 여자는 군중 너머를 보려고 일어섰다.,She stood in order to see over the crowd. 
지켜보다,누가 선택되는지를 지켜보면서 우리는 모두 신경이 곤두서 있었다.,"Waiting to see who had been chosen, we were all on edge."
불만,우리는 화장품에 관한 모든 불만을 처리할 것이다.,We will take care of all the complaint regarding cosmetic products.
양식,그 양식-은 더 이상 사용되지 않습니다.,The forms aren't used anymore. 
끊임없이,이 텔레비전 프로그램-은 나-를 끊임없이 웃게 만든다.,This television program makes me continuously laugh.
오른쪽,오른쪽으로 돌다,turn right
딱,손뼉-을 딱 쳤다.,He clapped his hands.
딱,말-이 딱 막혔다.,She was suddenly out of words.
딱,술-을 딱 끊었다.,He decisively stopped drinking.
딱,이 나사-가 딱 맞다.,This screw fits perfectly.
딱,존-이랑 앨리스-는 서로 딱 어울린다.,John and Alice are a perfect match for each other.
딱,발-이 땅-에 딱 붙었다.,His feet are stuck tight to the ground.
딱,군인-들-이 딱 버티고 있다.,The troops are resolutely blocking the way.
딱,이 빵-이 딱 좋다.,This bread is perfect.
사실상,우리-는 사실상 매일 본다.,We see each other practically every day.
이쪽,이쪽으로 오세요.,Right this way.
기억하다,저 기억-하세요? 저 당신 건물-에 살아요.,Remember me? I live in your building.
화장실,여자 화장실은 어디에 있나요?,Where is the ladies' lavatory please?
화장실,이 남자를 남자 화장실로 바래다주세요.,Please escort this gentleman to the gentleman's room.
-부터,나-는 한 시-부터 늦게-까지 공부했어요.,I studied (starting) from one o’clock until late.
-부터,시험-은 범위-가 15 (십오)-쪽-부터 56 (오십육)-쪽-까지-예요.,"Speaking of the test, it covers from page 15 to page 56."
-부터,매리-가 ^부산-에서-부터 열차-를 탔어요.,Mary rode the train (starting) from Busan.
-부터,손-부터 씻고 먹어요.,Wash your hands before you eat.
-부터,좋은 음식-을 먹고-부터는 몸-이 좋아졌다.,I got fit after eating good foods.
-부터,할 일-이 많아서 무엇-부터 해야 할지 모르겠어요.,"I have so much work, I do not know where to start from."
연구소,왕 씨와 그의 팀이 머무르는 연구소는 인구 백이십(120)만명이 사는 도시 리장의 외곽에 있다.,"The research station that houses Wang and his team is outside Lijiang, a city of about 1.2 million people."
빛나다,너-의 눈-이 달빛 밑-에 빛나.,Your eyes are shining underneath the moonlight
검정,검정 장갑 옆에 있는 것은 어떠세요? 손님께서 찾으시는 것과 꽤 비슷한데요.,How about the one next to the black gloves? It's very similar to the one you like.
고정,고정 자산,fixed assets
기차다,기차게 노래를 잘 한다.,[He] sings insanely well.
그다지, 그의 방은 그다지 따뜻하지 않다.,It isn't very warm in his room.
겸,서재 겸 사랑,a study cum salon
겸,님도 보고 뽕도 딸 겸,to see the lover as well as to pick mulberry leaves
벼룩,벼룩-의 간-을 내어 먹다,"to skin a flea for its hide; literally, to take out and eat the liver of a flea"
그렇게,나는 그렇게 생각하지 않아.,I don't think so.
그렇게,난 정말 그렇게 하기는 원하지 않아.,I really do not want to do that. 
선교,그는 선교를 했다.,He did missionary work.
보,50보 100보 아닌가요?,Isn't 50 steps the same as 100 steps?
보,세 보 옆으로 가!,Three steps to the side!
필,한 필의 베적삼,one bolt of summer silk
필,네 필의 말,four horses
둘러보다,"그래, 우리가 찾을 만한 게 있는지 둘러보자.",Yeah. Let's look around to see if we can find something.
자장가,엄마는 자장가를 부르면서도 눈꺼풀은 자꾸 감겼다.,"When mum was singing the lullaby, her eyes were falling shut."
면접,나는 다가오고 있는 면접을 준비하고 있다.,I am preparing for an upcoming interview.
면접,면접이 어떻게 되었나요?,How did the job interview go?
악마,"어둠-의 힘-을 사용하여, 사람-의 마음-을 유혹하는 데몬. 악마-족 중에서도 상당히 강력한 힘-을 자랑한다.",A daemon who bewilders the human heart with dark powers. He boasts of his tremendous power amongst the Demon Tribe.
사인,계약서-에 사인-을 했다.,[I] signed the contract.
사인,어제 유명 배우-의 사인-을 받았다.,I got an autograph of a famous actor yesterday.
사인,감독-이 선수-에게 손-으로 사인-을 보냈다.,The coach sent hand signals to the player.
사인,사인-을 밝히다,to determine the cause of death
적도,"바이수에이는 대략, 플로리다의 탬파만큼이나 적도에 가깝다.","Baishui is about as close to the equator as Tampa, Florida."
전염병,"유럽인들이 아메리카 대륙에 정착하기 시작하자, 수백만명의 아메리카 원주민들이 천연두 같은 유입된 전염병으로 숨졌다.","After Europeans began settling in the Americas, many millions of indigenous Americans died from epidemics of imported diseases such as smallpox. "
경이롭다,자연의 신비는 경이롭다.,The mystery of nature is wonderful.
부패,부패한 책임자,currupt boss
규칙,넌 여러 가지의 규칙-을 어겼다.,You have broken various rules.
불꽃,불꽃-이 확 피어올랐다,The fire flared up
불꽃,불꽃-을 쏘아올리다,to let off fireworks
국면,파업이 새로운 국면-에 접어들었다.,The strike has entered new conditions.
국면,부동산 시장이 침체 국면으로 접어들었다.,The real estate market has entered a state of depression.
낮추다,주-는 높은 나무-를 낮추고 낮은 나무-를 높이신다. (^에스겔 17:24),The Lord bring down the tall tree and make the low tree grow tall. (Ezekiel 17:24)
낮추다,"누구-든지 자신-을 높이는 이-는 낮아지고, 자신-을 낮추는 이-는 높아질 것-이다. (^누가복음 14:11)","For everyone who exalts himself will be humbled, and he who humbles himself will be exalted. (Luke 14:11)"
계층,사회에서 지배계층이 하급계층의 요구를 묵살하는 일은 흔하다.,In society a dominant group often ignores the wishes of subordinate groups.
쌍,눈 한 쌍,a pair of eyes
쌍,젓가락 한 쌍,a pair of chopsticks
반짝이다,보석이 반짝인다.,Jewels are glittering.
반짝이다,반짝이는 것이 모두 금은 아니다.,All that glitters is not gold.
반짝이다,반짝이는 별빛들.,Shining starlight.
쑤시다,칼로 배를 쑤시다.,to poke a stomach with a knife.
쑤시다,이쑤시개로 이빨을 쑤시다.,to pick your teeth with a toothpick.
쑤시다,빨리먹기대회에서 이기기 위하여 입에 음식을 마구 쑤셔넣다.,to cram food into one's mouth to win a competitive eating contest.
짐승,짐승을 죽이다.,To kill an animal.
속삭이다,사랑-을 속삭이다,to whisper sweet nothings (in a girl's ear)
속삭이다,그 남자-와 여자-는 서로 사랑-을 속삭였다.,The man and woman whispered their love for each other.
속삭이다,"두 사람-은 속삭이다가, 서로에게서 눈-을 떼지 못 하고 싱긋싱긋 웃더군요.","They were whispering, locking eyes, and grinning at each other."
속삭이다,반 학생-들-은 속삭이기 시작 했습니다.,Students in the class began to talk in a whisper.
출근,그의 동료 중 누구도 그가 오전 아홉(9)시 전에 출근 카드를 기록한 것을 기억하지 못합니다.,None of his colleagues remember he clocked in before 9 A.M.
성함,성함이 어떻게 되십니까?,"May I have your name, please?"
질량,공간의 일부를 차지하고 질량을 갖는 요소.,An element that occupies part of space and has mass.
일기,일기 예보,weather forecast
방언,"언어학-이란 학문-에 있어, 언어-와 방언-의 차이-는 매우 모호하다 할 수 있겠습니다.","In the academic field of linguistics, we may say that the distinction between a language and a dialect is very imprecise."
덮다,책-을 덮으세요.,Please close the book(s).
지난,나-는 지난 주-에 영화관-에 갔다.,I went to the cinema last week. 
헤아리다,앞날을 헤아리지 아니하면 머지않아 우환이 따르기 마련이다.,Lack of consideration for the distant future is sure to be followed by trouble in the near future.
헤아리다,그의 안색에서 헤아려 보건대 그가 실패한 모양이다.,"From the way he looks, I would say that he failed."
헤아리다,대학 4년 동안의 수확은 헤아릴 수 없이 많다.,There's no way I can measure all that I got out of my four years in college.
수고하다,수고하십니다.,May I interrupt you?
수고하다,수고하세요,keep up the good work
휴대폰,내 휴대폰-을 돌려다오.,Give my mobile back to me.
미합중국,미합중국 수정 헌법 제13조는 노예제를 폐지했다.,The Thirteenth Amendment to the United States Constitution abolished slavery. 
파이팅,"대한민국, 파이팅!","Go, Korea!"
지갑,오늘 아침에는 지갑이 분명히 재킷 속에 있었는데...,I could've sworn my wallet was in my jacket this morning. 
가자,^가자 지구,Gaza Strip
빼앗다,"다른 곳에서는, 반정부 세력이 지배하는 지역을 병사들이 빼앗았을 때, 그들이 아이들에게 백신을 접종한다.","In other places, soldiers vaccinate children when they take over an area run by anti-government forces."
매주,매주 우리는 당신들을 생각하게 만드는 소소한 퀴즈 시간을 가질 겁니다.,Every week we’ll have a little quiz to get you thinking.
끄덕이다,"수상이 들어서자, 여왕은 가볍게 고개를 끄덕였다.",The queen gave the premier a slight nod as he entered.
폭풍,폭풍이 오고 있소.,Storm is coming.
한영,한영 사전,Korean-English dictionary
보잘것없다,보잘것없지만 제 감사의 표시로 받아 주십시오.,This is not much but please accept it as a token of my gratitude.
보잘것없다,당신 같은 사람 없이는 저는 보잘것없는 사람에 불과해요.,I'm nobody without someone like you.
보잘것없다,집이 허울은 좋은데 안은 보잘것없다.,The house looks nice from the outside but the inside is nothing much to look at.
흡연,흡연- 구역,smoking area
흡연,흡연-은 건강에 해롭다.,Smoking is harmful to your health.
겁나다,개가 짖어대어 겁났다.,I was frightened when a dog barked at me.
겁나다,선생님에게 들킬까봐 겁났다.,I was afraid lest I should be found by the teacher.
정전,뇌우로 정전되었다.,The thunderstorm caused power failure.
낮아지다,그들은 갑자기 목소리가 낮아졌다.,They suddenly lowered their voices.
인터뷰,구직자들은 회사 사장과 인터뷰를 하여야 했다.,The job applicants had to have an interview with the head of the company. 
정오,정오 전에 호텔에서 체크아웃해야 해요. ,Be sure to check out of the hotel before noon. 
늙은이,내-가 늙은이-여서 그런지 몸수색-을 당하지는 않았다.,"Probably because I was an old woman, she didn't search my body."
엉덩방아,엉덩방아를 찧다,"(fall backwards and) land on one's rear end; literally, ""pound with the backside pestle"""
엉덩방아,멋진 묘기를 시도하다가 엉덩방아를 찧기도 합니다.,"While trying to do cool stunts, he landed straight on his backside."
물려받다,그녀의 파란 눈은 어머니에게서 물려받은 것이다.,She inherited her blue eyes from her mother.
여보,"^여보, 손님 오셨어요.","Honey, you have a visitor."
-는데,"야, 밖-에 눈 오-는데 눈싸움-하자!","Hey, it's snowing outside! Let's have a snowball fight!"
-는지,음식-은 입-에 맞으시는지-요?,Is this food to your liking?
-는지,잠이 오는지 연신 고개만 꾸벅인다.,He keeps nodding; maybe he's sleepy.
뺑소니,'^크림빵 아빠' 뺑소니 사망 사건-의 피의자인 ^허'^모씨-가 사고 차량-을 스스로 고친 것으로 드러났습니다.,"It had been revealed that Mr. Heo, the suspect in the hit-and-run death of ""custard-bun-[carrying] father"", had repaired the accident car himself."
가요,《^인기가요》,Inkigayo
무료,무료-로 보내다,to send for free
노환,노환-으로 죽다,to die of old age
체언,"명사, 대명사, 수사-는 체언-에 속한다.","Nouns, pronouns, and numerals are classified as cheeon."
빙하,왕시진은 빙하 전문가이자 위롱 설산 빙하 및 환경 감시 연구소의 이사이다.,Wang Shijin is a glacier expert and director of the Yulong Snow Mountain Glacial and Environmental Observation Research Station.
도와주다,이 보고서 마치는 걸 좀 도와줄 수 있어요?,Can you help me finish this report?
못지않다,오늘-도 어제 못지않게 덥다.,Today is just as hot as yesterday.
세워지다,빌딩이 세워졌다.,A building was constructed.
흩어지다,중국은 거기에 눈을 만들고 냇물을 막아 흩어진 물의 양을 늘려서 융해를 늦추려는 계획이다.,"China plans to create snow there and block streams to increase the amount of water in the air, which slows melting."
머물다,"보안관은, 아침에 그들이 좀더 시야를 확보할 수 있을 때까지 머물도록, 부관을 배치했다.",The sheriff posted a deputy to stay until they could get a better look in the morning.
자랑스럽다,그는 그의 업적을 자랑스러워했다.,He took pride in his work.
답답하다,고구마 먹은 것-처럼 답답-하다,Stuffy like eating a sweet potato.
달아나다,"그들은 경제적 문제, 정치적 상황 또는 폭력을 피해 달아나는 일이 빈번하다.","They often flee economic problems, political situations or violence."
아무렇다,야! 바지-를 아무렇게나 벗어 놓지마!,Hey! Don't take off you pants carelessly! (casual speech)
예상하다,"수요일-에 ^트위터-와 ^페이스북-에서, 사람-들-은 그들-이 선호-하는 강아지-들-을 평-하였고, 올해-의 퍼피볼-에 대-해서 예상-하였습니다.","On Twitter and Facebook Wednesday, people commented about their favorite puppies and made predictions for this year’s Puppy Bowl."
실체,"인간의 정신과 반대되는 개념으로, 객관적으로 존재하는 실체.","A substance that exists objectively, which is an idea opposite to the human mind."
내지,컴퓨터 프로그래머 열 명 내지 스무 명이 이 앱-을 제작했다.,Around 10 or 20 computer programmers created this (smartphone) app.
내지,우리-가 가야 할 피시지-는 산 내지 바다다.,The summer vacation spot that we will go is the mountains or the sea.
추억,옛 사진-들-을 보니 지난날-의 추억-들-이 아련하게 떠오른다.,"Seeing pictures of the bygone days, [my mind] was tingling with faint memories of yesteryear."
브리핑,기자회견장에 들어가기 전에 대통령은 그 상황에 대한 브리핑을 받았다.,The president received a briefing on the situation before going to the press conference. 
기둥,헤라클레스의 기둥은 지중해 입구에 놓여진 것으로 추정된다.,"The Pillars of Hercules, [...] (are) [...] supposed to have been placed at the mouth of the Mediterranean."
상관,춤-을 추고 싶을 때-는 춤-을 춰-요<br>할아버지 할머니-도 춤-을 춰-요<br>그깟 나이 무슨 상관-이에요~<br>다 같이 춤-을 춰봐요 이렇게~,"When you want to dance, dance<br>Grandpa and grandma too<br>What does age have to do with it~?<br>Let's all dance together, like this~"
하하,하하. 나-는 그렇게 생각하지 않아요.,Ha-ha. I don't think so.
하하,그 말-을 듣더니 하하 웃더라고.,"She was listening to that and then laughed, ""ha-ha""."
각기,그들-에게 사과-를 각기 두 개-씩 주어라.,Give them two apples each.
각기,화장실-이 방-마다 각기 따로 있습니다.,Each room has its own separate bathroom.
로고,"그 로고는 약어, 브이아이피(VIP)의 형태를 띈 봉황으로 이루어져 있다.",Its logo consists of a phoenix in the form of the acronym VIP.
커플,잘 어울리는 커플-이에요.,You two are a perfect match.
어머,"어머, 머릿결-이 참 좋네요.","Oh, my goodness, the condition of your hair is great."
미처,내-가 미처 두부-를 살 생각해지 못했다.,I didn't even think of buying tofu.
꽉,내 손-을 꽉 잡아.,Hold on tight to my hand.
꽉,이 상자-는 꽉 찼습니다.,This box is packed full.
꽉,눈물-을 꽉 참았다,She held on tight to her tears.
아련하다,바람-에 지는 아련-한 사랑,A faint love which disappears with the wind.
제주말,그녀-는 제주말-을 정말 잘 하세요.,She speaks Jeju really well.
제주어,그녀-는 제주어-를 정말 잘 하세요.,She speaks Jeju really well.
익룡,기계-로 강화된 익룡. 드래곤-에게 당해 죽을 뻔한 것-을 주인-의 도움-으로 사이보그-가 되었다.,"A mechanically enhanced pterosaur. After being mortally wounded by a dragon, he was turned into a cyborg by his owner."
박하,나는 박하사탕 특유의 냄새를 좋아한다.,I like the distinctive smell of mint candy.
꺼지다,이제 꺼져.,Now bugger off!
어머나,"어머나, 이게 너야?!","Oh my!, is that you?!"
쓸모,하찮은 것도 제각기 쓸모가 있다.,Every little bit helps.
뜨락또르,천리마 뜨락또르 기중기도 달린다,The Chŏllima tractor and cranes also run
복리,복리 후생 제도,benefits package
기생충,우리 몸 속-에 있는 기생충-의 알,the nits on our bodies
연설,의장의 연설은 어땠어요? ―저는 아주 감동했어요.,What do you think of the chairman's speech? ― I was quite impressed.
성하,교황 성하,"Holy father, His Holiness, Your Holiness"
슬슬,도둑-은 잡히지 않으려고 슬슬 눈길-을 피했다.,The thief discreetly averted his gaze to not be caught.
우펀국,^우편국-이 어디-입니까?,Where is the post-office?
지어내다,지어낸 이야기,made-up story
확정하다,"비행기 표를 구하는 즉시, 우리는 호텔 예약을 확정할 겁니다.","As soon as we get the plane tickets, we'll finalize our reservations with the hotel."
가죽끈,그는 가죽끈으로 맨 개 한 마리를 가져왔다.,He brought a dog on a leash. 
전국적,2년전 이 연단에서 저는 다섯 기업에게 사회 복지 대상에서 제외된 사람들을 고용하는 전국적인 노력을 이끌어 달라고 요청했습니다.,"Two years ago, from this podium, I asked five companies to lead a national effort to hire people off welfare."
쪼개다,사과를 반으로 쪼개다.,to split an apple in half.
존경,그에게 존경을 표하세요.,Show him respects.
분쟁,"그러나, 이들 지역의 불안정성, 분쟁 그리고 극단적인 원격성이 수천 명의 아이들이 금년에 소아마비 백신을 받지 못하도록 하고 있다.","But unrest, conflict and the extreme remoteness of these areas has kept thousands of children from receiving polio vaccines this year."
결과적,"엣사노가 말하기를, 결과적으로 사람들이 바이러스를 한 곳에서 다른 곳으로 옮긴다고 한다.","Etsano says that, as a result, people take the virus from one place to another."
추적하다,"그는, 씨디씨(CDC)가 이주자 집단을 추적하기 위한 과학기술을 이용한다고 말한다.",He says the CDC uses technology to track migrant groups.
보건,"재정적 후원자들, 지도자들, 보건 종사자들 그리고 대중은 이 문제를 취급하는 데에 지쳐 있다. 특히, 소아마비를 본 적이 없는 사람들이 그렇다.","Financial supporters, leaders, health workers and the public are tired of dealing with the problem, especially those who have never seen polio."
놔두다,그들은 그들 의견을 가지도록 놔두어라.,Let them have their opinions.
뽐내다,그들은 그들의 책을 출판하고 지루한 모임에서 그것을 뽐냈다.,They published their books and bragged about them at tedious party.
재주,청년들에게 신속성과 재주를 가르치다,to teach young men the speed and skill
타협하다,이것은 당신이 당원이 되기 위해서 타협하는 것 중의 하나입니다.,It is one of the things you compromise on to be a party member.
비키다,길을 비켜 주세요.,Please make your way.
물러서다,뒤로 물러서요.,You move back.
섭씨,오늘날의 지구는 전(前)산업화 시기보다도 섭씨 일(1)도가 더 더워졌다.,Earth is one degree Centigrade hotter today than in pre-industrial times.
감소,한 조사팀이 바이수에이의 감소가 지난 10년간 연간 약 27미터라고 기록하였다.,One research team has recorded Baishui’s decrease at about 27 meters per year over the last 10 years.
손상하다,"추운 날씨, 거센 비, 낙석, 강풍과 빙하 운동이 장비를 손상시킬 수 있다.","Cold temperatures, heavy rain, falling rocks, strong winds and glacier movement can damage the equipment. "
등반,"다음날 그 팀-은 빙하 위-의 다른 연구 장비-를 수리하는 동안, 특별한 빙산 등반용 신발-을 신어야만 했다.","The next day, the team had to wear special ice climbing footwear while repairing other research devices on the glacier."
분수령,그 팀은 시내를 건너고 빙하의 깊고 좁은 분수령을 뛰어 넘었다.,"The team crossed streams and jumped across deep, narrow divides in the glacier. "
희소식,"희소식이 있습니다. 지난 6년간, 복지 혜택자수를 거의 반절로 줄였습니다.","Here's some good news: In the past six years, we have cut the welfare rolls nearly in half. "
-라는,"허우위강이라는 어느 방문객이 말하기를, 그는 기후 변화와 바이수이에의 융해에 대해서 너무 걱정하지는 않는다고 한다.",One visitor named Hou Yugang said he was not too concerned about climate change and Baishui’s melting.
한도,그 은행은 최근에 내 여신 한도를 삭감했다.,That bank cut my line of credit recently. 
하이킹,"빙하를 보호하기 위해, 관계자들은 방문객의 수를 하루 1만명으로 제한하였고, 얼음 위를 하이킹하는 것을 금지하였다.","To protect the glacier, officials have limited the number of visitors to 10,000 a day and have banned hiking on the ice."
소수민족,보안요원 양샤오펑은 그 지방의 나시 소수민족에 속한다.,Security guard Yang Shaofeng is a member of the local Naxi minority community.
동거인,나는 마샤와 함께 살아. 우리는 동거인이야.,I live with Marsha. We’re roommates.
헬스클럽,"피트, 나 운동하고 싶은데, 헬스클럽이 어디야?","Pete, I want to work out. Where is the gym?
"
맞은편,헬스클럽은 라운지 맞은편에 있어. 로비 뒤쪽이야.,The gym is across from the lounge. It is behind the lobby.
데려가다,그 여자애들을 영화관에 데려갈거야.,We're taking the girls to the movies.
첩,등골이 쑤셔서 한약 한첩을 달여먹었다.,Because of my backaches I boiled down a pack of korean traditional medicine and ate it.
핵심부,구체적으로 원천코드가 완전히 공개된 Linux핵심부 2.6.9판을 대상으로 그 동작원리와 프로그람적인 실현에 대하여 8개장에 걸쳐 해설하였다.
양면,양면 보기,two pages (side-by-side) viewing
양면,양면 인쇄,double-sided printing
소독제,손 소독제,hand sanitizer
외로,외로 지나 바로 지나,to bear a load either on one's left or right shoulder; implying that both are the same in terms of carrying it on one's back.
외로,외로 틀다,"to turn to the left, indicating a state of divergence without consent to work or opinion."
마음씨,공부를 잘 할 뿐만 아니라 마음씨도 좋아요.,"He does not not only study hard, but is also kind."
손빨래,그는 세탁기가 있었는데도 옷을 손빨래-하는 것을 고집했다.,He insisted on washing the clothes by hand even though he had a washing machine.
지정되다,1997-년-에 ^유네스코 ^세계문화유산-으로 지정-되었다.,Designated as a UNESCO World Cultural Heritage in 1997.
유괴,이형호 유괴 살해 사건,abduction and murder of Lee Hyung-ho
분단,한국은 세계 유일의 분단 국가이다.,Korea is the only divided country in the world.
성가시다,딱 1명이 성가시다.,Only one person is annoying.
깔끔하다,청바지 입고서 회사-에 가도 깔끔-하기만 하면 괜찮을 텐데<br>여름교복-이 반바지-라면 깔끔-하고 시원-해 괜찮을 텐데,"Even if you wear jeans to work, if it's tidy, it'll be fine<br>If your summer uniform is shorts, it's tidy and refreshing, it'll be fine"
맴돌다,매들이 먹이를 찾아 들판 위를 맴돌고 있다.,"Hawks are circling over the fields, looking for prey."
맴돌다,그의 성적은 학급에서 바닥을 맴돌고 있다,His grades stay around at the bottom of the class.
맴돌다,그 생각이 계속 머릿속에서 맴돌았다.,
튕기다,기타를 튕기며 노랠 불렀지,"Plucking my guitar, I sang a song"
우비다,가슴을 우비는 말.,a heart-wrenching word.
사리,냉면사리,mass of cold noodles
사리,많은 사람들이 냉면집에 가면 ‘사리 하나 추가’하는 일이 많을 것이다.
반짝,별-들-이 반짝거린다.,The stars are sparkling.
심사숙고,아직 결정 못 했어. 심사숙고 중-이야.,I haven't decided yet. I'm thinking about it.
마스다,세계 기록을 마스다,to break a world record
낮잡다,왜어. ‘일본어’를 낮잡아 이르는 말.,Waeeo. A belittling term for Ilboneo (the Japanese language).
덧대다,A에 B를 덧댐,placing B upon A
엄습,적-이 우리-가 방심한 틈-을 노려 엄습-을 했다.,The enemy conducted a surprise attack while we were off guard.
엄습,갑자기 묘한 기분-이 엄습해 왔다.,"Suddenly, there was a rush of this strange feeling."
정제,정제소금,refined salt
청천벽력,그는 청천벽력같은 소식을 알렸다.,He told the sudden and unexpected bad news.
모방하다,다른 회사-의 제품-을 공공연-하게 모방-하다.,to blatantly copy a product from another company
질타,그는 그의 나쁜 행위로 인해 질타를 받았다.,He was scolded for his bad conduct.
이르잡다,쟤는 이르잡는 버릇이 있유.,He has a habit of picking up old stuff.
핀지,"선상님, 그놈한테서 핀지가 다 왔당께요.","Sir, I have a letter from him."
문드러지다,나병이 걸리면 온 몸에 살이 문드러진대.,"They say that if you get leprosy, your flesh rots and falls off all over your body."
문드러지다,가해자는 잘 살고 피해자는 평생 고통 받는 모습을 보면 속이 문드러진다.,"When I see the perpetrators live well off and the victims be in pain for their entire lives, I find that outrageous [lit. ""my insides rot and drop off""]."
이듭,이듭 먹은 송아지를 잡았다.,We butchered a two-year-old calf.
나대다,어른 앞-에서 나대면 안 되지.,You shouldn't behave inappropriately in front of your elders.
나대다,아는 거 가지고 나대지 마.,Don't show off the things you know.
불성,개가 불성이 있습니까?,Does a dog have a Buddha-nature?
조예,그-는 음악-에-도 조예-가 깊다.,He has expert knowledge in music also.
원천,아이들의 생각은 창의력의 원천이다.,The ideas of children are a source of creativity.
거뜨다,뭐든지 욕심껏 거뜰라고 허먼 손에 쥐가 나제.,"If you greedily try to pick up a lot of things at once, you get a cramp in your hand."
화법,"걔는 말끝마다 ""그치""를 붙이더라. 화법이 좀 이상해.","He'd add ""Right?"" to the end of every sentence. The way he speaks is a bit weird."
인성,걔-의 문제-는 인성-이야.,"The problem with him is that he has a bad personality. [lit. ""His problem is the quality of his personality""]"
자취,이 문명-은 자취-도 없이 사라졌다.,This civilization disappeared without leaving even a trace.
우기다,너-는 왜 항상 런던-이 프랑스-에 있다고 우기니?,Why do you always insist on London being in France?
우기다,걔-가 자기 말-만 맞다고 우겼어.,He insisted that only he was right.
억지,억지-를 부려 돈-을 받아냈다.,He got the money from them by stubbornly insisting.
억지,너-의 주장-은 순 억지-야.,Your claims are sheer stubbornness.
억지,그녀-의 웃음-은 억지-였다.,Her smile was forced.
억지,억지 눈물-을 쥐어짰다.,He squeezed out crocodile tears.
깜짝깜짝,유령의 집-에선 깜짝깜짝 놀란다,You get shocked repeatedly in a haunted attraction.
깜빡,깜빡 잊어버렸어요.,I accidentally forgot about it.
콱,문-이랑 콱 박았어.,I crashed hard into the door.
콱,가슴-이 콱 막히더라.,I felt an [emotional] chocking in my chest.
댕댕,온 몸-이 댕댕 부었다.,His entire body is swollen up.
딩딩,온 몸-이 딩딩 부었다.,His entire body is visibly swollen up.
띵띵,온 몸-이 띵띵 부었다.,His entire body is very visibly swollen up.
빤짝,별-들-이 빤짝거린다.,The stars are sparkling brightly.
빤짝빤짝,빤짝빤짝 빛나는 별.,The star whose light is twinkling brightly.
번쩍,번개-가 번쩍거린다.,The lightnings are flashing.
뻔쩍,번개-가 뻔쩍거린다.,The lightnings are flashing strongly.
살살,"의사 아저씨, 살살 해주세요.","Mr. Doctor, please be gentle."
썩,기분-이 썩 좋지-는 않아.,I don't feel that great.
썩,이 잔 부순 사람 썩 안 나와?,"Whoever broke this cup, come out now!"
허허,할아버지-께서-는 허허 웃으셨다.,"The grandfather laughed, ""ha-ha""."
손싸다,부삭 젙에서 쓸 물건은 멋보다도 손싸야 혀.,"Items to be used near the stove should, first of all, be suitable and convenient to handle by hand."
솔선수범,미술 동아리 부장-은 튄 물감-을 제일 먼저 닦으면서 솔선수범하는 모습-을 보였다.,The art club president set an example [for the rest of the club] by being the first to wipe away the splattered paint.
수포자,"고등학생-들 사이-에서 일명 ""수포자""들-이 늘어나는 추세-이다.",Highschoolers who are giving up on math are on the rise.
영포자,나-는 영포자라서 그 사람-이 무슨 말-을 하는지 못 알아듣겠어.,I can't understand what the person is saying because I gave up on studying English.
과포자,"학생들-이 ""과포자""가 되지 않게 하려면 먼저 과학 그 자체-에 흥미-를 북돋우는 것-이 중요하다.","If one wants students to not give up on studying science, It is important first to arouse their interest in the science itself."
아니꼽다,세상-을 사랑하지 못하고 아니꼽게 보기 때문에,"because [I] cannot bring myself to love this world, but instead look at it with distaste"
도꾸이,우리 식당-은 도꾸이 손님-이 많니라.,Our restaurant has many regular customers.
생사여탈권,문화대혁명 당시 홍위병-들-은 소위 반동분자-의 생사여탈권-을 쥐었다.,"During the Cultural Revolution, the red guards wielded absolute power over the so-called ""reactionaries""."
억수로,내는 니가 억수로 좋다.,I like you so much.
달래다,상대방-의 기분-을 달래다.,to soothe the other person's emotions
달래다,우는 아이-를 달래다.,to calm a crying child
달래다,술-로 슬픔-을 달래다.,to drown one's sorrows
달래다,억울하게 죽은 이-들-의 영혼-을 달래다.,to console the spirits of the ones who died unjustly
달래다,나-는 그-를 달래 여기-로 오게 했다.,I convinced him to come here.
서인,세자-를 폐하여 서인-으로 삼아라.,Have the Crown Prince removed from his rank and render him into a commoner.
추방,사용자를 대화방에서 추방,eject user from chat
복병,저 산 뒤-에 복병-을 두도록 해라.,Have a hidden army sent behind that mountain.
막다르다,막다른 길.,a dead-end
망치다,분위기를 망친다,to ruin the mood
경악,그-는 소식-을 듣고 경악-을 금치 못했다.,He couldn't be more surprised after hearing the news.
벼르다,적군-은 기회-를 벼르고 있다.,The enemy army is looking out for an opportunity.
벼르다,치욕-을 씻을 날-만-을 벼르고 있다.,They wait in preparation only for the day when they will avenge their humiliation.
내한,내한공연,concert in Korea
엊그제,엊그제 같다,feels like it was just yesterday
결핍,애정 결핍,lack of affection
궤변,궤변을 늘어놓다.,to employ sophistry
두절,연락 두절,lost of contact
두절,교통 두절,traffic interruption
탄로,그들-의 범죄 행각-이 탄로가 났다.,Their criminal actions were exposed.
척결,부정부패 척결,eradicating corruption
답습,과거-를 맹목적-으로 답습하다,to blindly follow the past
게양,국기-를 게양하다,to raise the national flag
왕성,혈기 왕성,full of vigour
양해,양해를 구하다,to seek one's understanding
정색,정색을 짓다,to keep a straight face
막상,아무리 마음-을 먹어-도 막상 시작하려 하니 막막하다.,"No matter how much you've made up your mind, you feel lost when you get around to trying to start doing it."
실행,실행에 옮기다,to put into practice
실행,프로그램 실행이 안 된다.,The program isn't running.
실행,실행 파일,executable file
기 때문에,이 셔츠에 가격표가 없기 때문에 얼마인지 몰라요.,I don’t know how much it costs because there is no price tag on this shirt.
기 때문에,2월이기 때문에 비행기표 가격이 떨어졌어요.,The prices of airline tickets have dropped because it is February.
기 때문에,전날에 공부를 별로 못 했기 때문에 시험을 못 봤어요.,I failed the test because I couldn't study well the day beforehand.
기 때문에,나는 내년에 대학교에 갈 것이기 때문에 지금 열심히 공부하고 있어.,"Because I will be going to university next year, I am studying hard now."
기 때문에,우리가 과거를 되짚어 볼 것이기 때문에 사진을 가져왔어요.,"We are going to look back on the past, so I brought pictures."
기 때문에,"네, 그렇기 때문에 그 회사의 주식이 떨어지고 있어요.","Yes, because of that, that company’s stocks are falling."
기 때문이다,내가 당신-에게 그 서류 양식을 보냈기 때문이에요.,It is because I sent you the form.
기 때문이다,내가 여기서 일하고 싶은 이유는 새로운 경험을 하고 싶기 때문이야.,The reason that I want to work here is because I want to gain new experience.
영한,영한 사전,English-Korean dictionary
영한,영한 대역본,a book of parallel texts in English and Korean
서이,"하나, 둘, 서이, 너이","One, two, three, four"
뜬금없다,뜬금없이 나타났다,to appear without warning
상무,상무부(商務部),department of commerce
지렁,이 지렁은 너무 짜지않간?,Doesn't the soy sauce taste too salty?
-음,우리-가 만남-은 우연-이 아니다.,Our meeting [each other] cannot be an accident.
-음,이-가 옳-지 않음-은 명백-한 사실-입니다.,This not being right is an evident fact.
창가,우두커니 창가에 기대어 앉아,I absentmindedly lean against the window and sit
-어라,"천천히 먹어라, 체할라.",Slow down; you may suffer from indigestion.
-어라,너-는 그렇-게 살아라. 나-는 나대로 살-겠--다.,"As for you, live like that. I'll live my own way."
-어라,멀리 있-는 너 생각-이 들-어 정말 외로워라!,How truly lonely I am to think of you who are far away!
국가보안법,홍콩 국가보안법,Hong Kong National Security Law
처먹다,똥-이나 처먹어 이 새끼-들-아!,"Eat shit, y'all bastards!"
